LWDOWN,PSFC,Q2D,RAINRATE,SWDOWN,T2D,U2D,V2D,lat,lon,area_sqkm
327.3317565917969,99317.6953125,0.007798943668603897,0.0,0.0,297.0147399902344,-0.07850120961666107,6.6019606590271,40.636253,-87.71896,1159.528499
323.739990234375,99269.4765625,0.007584852632135153,0.0,0.0,295.02099609375,0.1228110045194626,7.010598659515381,40.636253,-87.71896,1159.528499
320.15032958984375,99221.734375,0.007366260513663292,0.0,0.0,293.026123046875,0.32493463158607483,7.420013904571532,40.636253,-87.71896,1159.528499
321.6626892089844,99173.4296875,0.00714487675577402,0.0,0.0,291.0323486328125,0.5277042984962463,7.829241752624513,40.636253,-87.71896,1159.528499
321.12127685546875,99134.4453125,0.007203538902103902,0.0,0.0,290.3211669921875,0.4610016047954559,8.023277282714844,40.636253,-87.71896,1159.528499
320.57586669921875,99095.0625,0.0072597083635628215,0.0,0.0,289.6099853515625,0.3969199061393738,8.217952728271483,40.636253,-87.71896,1159.528499
371.015625,99055.7421875,0.00731426803395152,0.00013404764467850327,0.0,288.8988037109375,0.3330110013484955,8.414380073547362,40.636253,-87.71896,1159.528499
370.9843444824219,99055.1484375,0.0075422339141368875,0.0007849425310268997,0.0,288.8403015136719,0.6830506920814514,7.893669605255128,40.636253,-87.71896,1159.528499
370.9609680175781,99054.6796875,0.007770666386932135,0.0005061498377472162,0.0,288.7817077636719,1.0331401824951172,7.372902870178223,40.636253,-87.71896,1159.528499
354.6319580078125,99054.015625,0.007999665103852749,4.721692675957456e-05,0.0,288.7231750488281,1.3826277256011963,6.849883556365968,40.636253,-87.71896,1159.528499
354.47698974609375,99064.6640625,0.00809493288397789,0.0,0.0,288.1846618652344,1.7309107780456543,6.037257671356201,40.636253,-87.71896,1159.528499
354.3260498046875,99075.421875,0.008189892396330833,0.0,0.0,287.6461486816406,2.0783419609069824,5.222289085388184,40.636253,-87.71896,1159.528499
352.50567626953125,99086.0,0.008283531293272972,0.0,18.563514709472656,287.107666015625,2.4263389110565186,4.4080657958984375,40.636253,-87.71896,1159.528499
356.4712829589844,99128.1015625,0.00876205787062645,0.0,126.5845947265625,288.75604248046875,3.354741096496582,4.47409725189209,40.636253,-87.71896,1159.528499
360.4770202636719,99170.40625,0.009273312985897064,0.0,224.73834228515625,290.4076232910156,4.2818145751953125,4.538553714752197,40.636253,-87.71896,1159.528499
384.9944152832031,99212.5390625,0.009814757853746414,0.0,170.78897094726562,292.05596923828125,5.21026086807251,4.603827953338623,40.636253,-87.71896,1159.528499
384.6890869140625,99216.75,0.009730747900903223,0.0,212.33599853515625,291.99871826171875,5.629011631011963,4.001681327819823,40.636253,-87.71896,1159.528499
384.3837585449219,99220.5390625,0.009647279977798462,0.0,239.7468414306641,291.9430847167969,6.048510551452638,3.3994081020355225,40.636253,-87.71896,1159.528499
395.8566284179688,99224.546875,0.00956460926681757,0.0,333.8646240234375,291.8858642578125,6.4684410095214835,2.7974655628204346,40.636253,-87.71896,1159.528499
399.809326171875,99222.75,0.01011342741549015,0.0,311.2743225097656,293.520751953125,6.0091590881347665,1.9992960691452024,40.636253,-87.71896,1159.528499
403.7711791992188,99220.9296875,0.01068734098225832,0.0,268.43222045898443,295.15673828125,5.551816463470459,1.1999897956848145,40.636253,-87.71896,1159.528499
394.6135559082031,99219.0,0.011287118308246136,0.0,267.02667236328125,296.7916259765625,5.092564582824707,0.3995375335216522,40.636253,-87.71896,1159.528499
391.2239074707031,99274.953125,0.01088840700685978,0.0,169.17404174804688,295.4183654785156,4.440667152404785,0.2737608850002289,40.636253,-87.71896,1159.528499
387.842529296875,99330.5390625,0.010498818941414356,0.0,58.49557876586914,294.04461669921875,3.787887096405029,0.1482727825641632,40.636253,-87.71896,1159.528499
358.762451171875,99386.484375,0.010120011866092682,0.0,0.0,292.6713562011719,3.1357696056365967,0.02202846854925156,40.636253,-87.71896,1159.528499
358.96319580078125,99359.625,0.010117463767528534,0.0,0.0,292.01544189453125,2.8179874420166016,0.4481739103794098,40.636253,-87.71896,1159.528499
359.1561279296875,99333.0,0.010113921016454695,0.0,0.0,291.3584289550781,2.4972500801086426,0.8743484616279602,40.636253,-87.71896,1159.528499
359.450439453125,99306.0390625,0.010111580602824688,0.0,0.0,290.70245361328125,2.1801764965057373,1.299693584442139,40.636253,-87.71896,1159.528499
359.2611389160156,99303.53125,0.010090568102896214,0.0,0.0,290.3531799316406,1.7622243165969849,1.6389268636703491,40.636253,-87.71896,1159.528499
359.0587463378906,99301.203125,0.010068217292428015,0.0,0.0,290.00421142578125,1.3456037044525146,1.977241396903992,40.636253,-87.71896,1159.528499
347.1575012207031,99298.671875,0.010048303753137587,0.0,0.0,289.6549072265625,0.9284249544143676,2.317075490951538,40.636253,-87.71896,1159.528499
347.15399169921875,99270.2421875,0.009888206608593464,0.0,0.0,289.19122314453125,0.7828140854835509,2.5574097633361816,40.636253,-87.71896,1159.528499
347.14837646484375,99241.8203125,0.00972820445895195,0.0,0.0,288.7275695800781,0.6347369551658629,2.79815411567688,40.636253,-87.71896,1159.528499
326.5876159667969,99213.28125,0.009568385779857635,0.0,0.0,288.2638854980469,0.4873174428939819,3.0381734371185303,40.636253,-87.71896,1159.528499
326.6866455078125,99224.2109375,0.009351944550871849,0.0,0.0,287.79644775390625,0.11403022706508635,2.9735689163208012,40.636253,-87.71896,1159.528499
326.7942199707031,99234.953125,0.009136398322880268,0.0,0.0,287.3291015625,-0.2583574950695038,2.907780170440674,40.636253,-87.71896,1159.528499
330.146728515625,99245.78125,0.00891972053796053,0.0,23.660478591918945,286.8617248535156,-0.6301149129867554,2.843064308166504,40.636253,-87.71896,1159.528499
329.8000793457031,99268.2421875,0.00928714219480753,0.0,177.02711486816406,289.51068115234375,-0.8621873259544373,3.5168285369873047,40.636253,-87.71896,1159.528499
329.45916748046875,99290.6875,0.009652084670960905,0.0,316.3350830078125,292.1612243652344,-1.0945743322372437,4.190342426300049,40.636253,-87.71896,1159.528499
362.94122314453125,99313.0234375,0.01001653168350458,0.0,438.0747985839844,294.8100891113281,-1.3262050151824951,4.863031387329102,40.636253,-87.71896,1159.528499
362.6188049316406,99180.9296875,0.00967326760292053,0.0,545.0169677734375,296.13287353515625,-0.6992838382720947,5.402111053466797,40.636253,-87.71896,1159.528499
362.3134460449219,99048.8671875,0.009334474802017212,0.0,615.4473876953125,297.45684814453125,-0.07131113111972809,5.938766956329347,40.636253,-87.71896,1159.528499
375.2921142578125,98916.9453125,0.008997319266200066,0.0,615.7703247070312,298.7796630859375,0.5545718669891357,6.477177143096924,40.636253,-87.71896,1159.528499
374.9267578125,98879.1953125,0.00883206631988287,0.0,573.86376953125,299.1791687011719,0.4271303415298462,7.051514148712157,40.636253,-87.71896,1159.528499
374.5636596679688,98841.4453125,0.00866843480616808,0.0,493.9913940429688,299.5792541503906,0.300292432308197,7.630423069000244,40.636253,-87.71896,1159.528499
367.2725524902344,98803.6640625,0.008506802842020987,0.0,383.40771484375,299.978759765625,0.17148999869823456,8.20615291595459,40.636253,-87.71896,1159.528499
367.46490478515625,98811.953125,0.008627494797110558,0.0,241.1083068847656,298.8704833984375,0.24953489005565646,7.7451210021972665,40.636253,-87.71896,1159.528499
367.6600036621094,98820.203125,0.008748830296099186,0.0,80.23478698730469,297.7619934082031,0.3294277787208557,7.285022735595702,40.636253,-87.71896,1159.528499
345.7578125,98828.609375,0.008871451951563358,0.0,0.0,296.65374755859375,0.4084038436412811,6.8246846199035645,40.636253,-87.71896,1159.528499
342.4870300292969,98791.6171875,0.008699511177837849,0.0,0.0,293.76800537109375,0.582625150680542,6.664932727813722,40.636253,-87.71896,1159.528499
339.1526184082031,98754.4140625,0.008507559075951576,0.0,0.0,290.874755859375,0.756103515625,6.5046448707580575,40.636253,-87.71896,1159.528499
369.6561279296875,98717.390625,0.008305293507874012,0.00034132326254621154,0.0,287.9888610839844,0.93097984790802,6.346210479736327,40.636253,-87.71896,1159.528499
368.9913635253906,98679.703125,0.008491886779665947,0.0004789736995007843,0.0,287.6378173828125,1.201538324356079,6.515946865081787,40.636253,-87.71896,1159.528499
368.308837890625,98642.328125,0.008676163852214813,0.0016130023868754506,0.0,287.2855224609375,1.4709798097610474,6.684512615203857,40.636253,-87.71896,1159.528499
371.6910400390625,98604.7109375,0.008862735703587532,0.0010762553429231048,0.0,286.9344787597656,1.7405658960342407,6.8537421226501465,40.636253,-87.71896,1159.528499
372.5140380859375,98605.75,0.009200572967529295,0.000549933814909309,0.0,287.5891418457031,2.1961758136749268,5.2546424865722665,40.636253,-87.71896,1159.528499
373.33380126953125,98606.703125,0.009543946012854576,4.1908162529580295e-05,0.0,288.2434997558594,2.6504895687103267,3.6557767391204834,40.636253,-87.71896,1159.528499
352.1335754394531,98607.7421875,0.009893668815493584,1.7144620301223767e-07,0.0,288.8981628417969,3.1040501594543457,2.0576841831207275,40.636253,-87.71896,1159.528499
350.9325256347656,98725.046875,0.009529544040560722,0.0,0.0,288.00689697265625,2.9655983448028564,0.9517815709114076,40.636253,-87.71896,1159.528499
349.72552490234375,98842.7109375,0.0091721061617136,0.0,0.0,287.115234375,2.827824592590332,-0.15371602773666382,40.636253,-87.71896,1159.528499
306.2431945800781,98960.2265625,0.008822597563266754,0.0,21.422792434692386,286.22393798828125,2.689685344696045,-1.2599730491638184,40.636253,-87.71896,1159.528499
309.7713317871094,98918.9453125,0.008915775455534458,0.0,177.84149169921875,288.0833740234375,2.5993762016296387,-1.9144086837768557,40.636253,-87.71896,1159.528499
313.304931640625,98877.7109375,0.008983688428997993,0.0,319.8597717285156,289.9436340332031,2.50976300239563,-2.569878578186035,40.636253,-87.71896,1159.528499
323.7153015136719,98836.5625,0.00902431644499302,0.0,468.57452392578125,291.8030700683594,2.4195117950439453,-3.2255234718322754,40.636253,-87.71896,1159.528499
328.1491394042969,98927.53125,0.008946654386818409,0.0,583.4188842773438,294.0201721191406,2.022909879684448,-2.8669464588165283,40.636253,-87.71896,1159.528499
332.5926818847656,99018.5546875,0.008810053579509258,0.0,658.8955688476562,296.23895263671875,1.6259344816207886,-2.5083696842193604,40.636253,-87.71896,1159.528499
345.9471130371094,99109.6171875,0.008609257638454437,0.0,673.3465576171875,298.4560852050781,1.2295891046524048,-2.1503171920776367,40.636253,-87.71896,1159.528499
346.5375061035156,99057.3046875,0.008383835665881634,0.0,627.03857421875,298.8730773925781,0.5851494669914246,-1.9680033922195437,40.636253,-87.71896,1159.528499
347.124755859375,99005.1875,0.008153757080435753,0.0,538.921630859375,299.290771484375,-0.05877218395471572,-1.7856770753860474,40.636253,-87.71896,1159.528499
336.97955322265625,98952.921875,0.007919295690953732,0.0,403.105224609375,299.707763671875,-0.7034552097320557,-1.603551149368286,40.636253,-87.71896,1159.528499
336.6264343261719,98982.0078125,0.007886935956776142,0.0,251.5918273925781,298.55474853515625,-0.5718175768852234,-1.2804936170578003,40.636253,-87.71896,1159.528499
336.270751953125,99011.0078125,0.007854798808693886,0.0,80.37936401367188,297.4008483886719,-0.4421068727970123,-0.957573175430298,40.636253,-87.71896,1159.528499
303.52978515625,99040.015625,0.007823866792023182,0.0,0.0,296.2477722167969,-0.3115911185741425,-0.6345183849334717,40.636253,-87.71896,1159.528499
300.8698425292969,99000.578125,0.007402543444186448,0.0,0.0,294.1845703125,-0.818070113658905,-0.8998554348945618,40.636253,-87.71896,1159.528499
298.20086669921875,98960.84375,0.006995210889726877,0.0,0.0,292.1199645996094,-1.3261700868606567,-1.1653015613555908,40.636253,-87.71896,1159.528499
295.0578308105469,98921.46875,0.006602363660931586,0.0,0.0,290.0567626953125,-1.833652138710022,-1.4301910400390625,40.636253,-87.71896,1159.528499
292.81964111328125,99008.6640625,0.006408022250980139,0.0,0.0,288.71826171875,-2.0690631866455083,-0.5466145873069763,40.636253,-87.71896,1159.528499
290.5771484375,99096.109375,0.006215311121195555,0.0,0.0,287.37860107421875,-2.304641008377075,0.3363259732723236,40.636253,-87.71896,1159.528499
290.57373046875,99183.0859375,0.006025090347975493,0.0,0.0,286.0400390625,-2.5414087772369385,1.2189186811447144,40.636253,-87.71896,1159.528499
290.13348388671875,99179.7890625,0.006079106125980616,0.0,0.0,285.4305114746094,-2.4879474639892583,1.3774652481079102,40.636253,-87.71896,1159.528499
289.68328857421875,99176.546875,0.006130808964371681,0.0,0.0,284.8208312988281,-2.435989618301392,1.5360225439071655,40.636253,-87.71896,1159.528499
295.869384765625,99173.2421875,0.006181634496897459,0.0,0.0,284.2112731933594,-2.382899761199951,1.6943129301071167,40.636253,-87.71896,1159.528499
296.1754455566406,99235.8515625,0.00630524568259716,0.0,0.0,284.1231689453125,-2.211118459701538,1.7682764530181885,40.636253,-87.71896,1159.528499
296.4844970703125,99298.3828125,0.006430010311305523,0.0,0.0,284.03448486328125,-2.042256593704224,1.8446534872055051,40.636253,-87.71896,1159.528499
325.1877746582031,99360.8046875,0.006557038985192776,0.0,17.44258689880371,283.9463195800781,-1.8702231645584104,1.9195724725723269,40.636253,-87.71896,1159.528499
326.5444641113281,99340.9296875,0.00747743295505643,0.0,163.73605346679688,287.1670227050781,-1.727968692779541,1.83228600025177,40.636253,-87.71896,1159.528499
327.9543762207031,99320.890625,0.008436216041445732,0.0,296.5117492675781,290.4039611816406,-1.582611322402954,1.7461131811141968,40.636253,-87.71896,1159.528499
386.5539245605469,99300.8984375,0.009414388798177242,0.0,421.4849853515625,293.6246032714844,-1.4385364055633545,1.6583753824234009,40.636253,-87.71896,1159.528499
387.4381713867188,99271.7265625,0.010153409093618393,0.0,525.2159423828125,295.84954833984375,-0.8882616758346558,2.269524574279785,40.636253,-87.71896,1159.528499
388.322509765625,99242.75,0.010905820876359941,0.0,593.2293701171875,298.0769958496094,-0.3368421792984009,2.8790645599365234,40.636253,-87.71896,1159.528499
410.0863952636719,99213.5546875,0.011668634600937366,0.0,594.4219970703125,300.30194091796875,0.21515056490898127,3.487436532974243,40.636253,-87.71896,1159.528499
410.3529052734375,99142.1484375,0.011872343719005585,0.0,553.0308227539061,300.71002197265625,-0.3076956272125244,3.735306739807129,40.636253,-87.71896,1159.528499
410.6271362304688,99070.5703125,0.01207814086228609,0.0,474.5833740234375,301.1192932128906,-0.8309340476989746,3.98261833190918,40.636253,-87.71896,1159.528499
420.9031982421875,98999.0390625,0.012283144518733023,0.0,331.75921630859375,301.5273132324219,-1.3532373905181885,4.229416847229004,40.636253,-87.71896,1159.528499
421.0431823730469,99094.9375,0.012530377134680748,0.0,205.4916839599609,300.3384094238281,-1.0588781833648682,3.9124698638916016,40.636253,-87.71896,1159.528499
421.1781311035156,99190.4296875,0.01277773454785347,0.0,62.858680725097656,299.1486511230469,-0.7655189633369446,3.594177722930908,40.636253,-87.71896,1159.528499
372.1897277832031,99286.1484375,0.013027493841946123,0.0,0.0,297.9597473144531,-0.4712133705615997,3.2764835357666016,40.636253,-87.71896,1159.528499
366.2886657714844,99260.6796875,0.011847211979329586,0.0,0.0,295.57647705078125,-0.4743261933326721,3.362917184829712,40.636253,-87.71896,1159.528499
360.39306640625,99235.1875,0.010747062973678112,0.0,0.0,293.1900634765625,-0.4774850606918335,3.4526386260986333,40.636253,-87.71896,1159.528499
335.8448791503906,99209.78125,0.009729125536978243,0.0,0.0,290.80682373046875,-0.4814028739929199,3.5410077571868896,40.636253,-87.71896,1159.528499
334.6343688964844,99245.7421875,0.009537934325635431,0.0,0.0,289.8623352050781,-0.5176635980606079,3.48322868347168,40.636253,-87.71896,1159.528499
333.4206237792969,99281.390625,0.009348728694021702,0.0,0.0,288.9166259765625,-0.5519542694091797,3.425621509552002,40.636253,-87.71896,1159.528499
330.94903564453125,99317.1796875,0.009161356836557388,0.0,0.0,287.97216796875,-0.5885685086250305,3.367342472076416,40.636253,-87.71896,1159.528499
330.4952087402344,99342.4765625,0.009035845287144184,0.0,0.0,287.4822082519531,-0.9333063960075378,3.1371912956237797,40.636253,-87.71896,1159.528499
330.040283203125,99367.859375,0.00891174841672182,0.0,0.0,286.9915466308594,-1.2790931463241575,2.907731056213379,40.636253,-87.71896,1159.528499
337.3796081542969,99393.15625,0.00878853537142277,0.0,0.0,286.50152587890625,-1.6251403093338013,2.6768198013305664,40.636253,-87.71896,1159.528499
338.7582702636719,99444.9453125,0.0089394710958004,0.0,0.0,286.75250244140625,-1.722821831703186,2.5161995887756348,40.636253,-87.71896,1159.528499
340.1417236328125,99496.9453125,0.009092714637517927,0.0,0.0,287.002685546875,-1.8200160264968872,2.3579323291778564,40.636253,-87.71896,1159.528499
378.692626953125,99548.78125,0.00924784690141678,0.0,10.323020935058594,287.25372314453125,-1.9180947542190552,2.1963999271392822,40.636253,-87.71896,1159.528499
384.1167907714844,99546.71875,0.010310909710824491,0.0,110.1043701171875,290.3748474121094,-1.96834659576416,2.4296391010284424,40.636253,-87.71896,1159.528499
389.6011657714844,99545.015625,0.011461549438536169,4.4905194954480976e-05,200.61724853515625,293.51092529296875,-2.0148859024047847,2.663364887237549,40.636253,-87.71896,1159.528499
421.0120544433594,99543.0390625,0.012683411128818987,1.013638666336192e-06,261.6629638671875,296.6319580078125,-2.0633962154388428,2.8976345062255864,40.636253,-87.71896,1159.528499
424.2708740234375,99491.734375,0.0132050346583128,0.0,326.1841125488281,298.5010681152344,-1.5653256177902222,3.5544855594635014,40.636253,-87.71896,1159.528499
427.5417175292969,99440.5078125,0.013741114176809788,0.0,368.5067138671875,300.3732604980469,-1.0660133361816406,4.210768222808838,40.636253,-87.71896,1159.528499
445.76556396484375,99389.1796875,0.01428711134940386,0.0,300.4853515625,302.2423400878906,-0.5665704011917114,4.86749267578125,40.636253,-87.71896,1159.528499
446.6758117675781,99331.8046875,0.01433760765939951,0.0,279.478515625,302.57635498046875,-0.5841646194458008,4.922911167144775,40.636253,-87.71896,1159.528499
447.6070861816406,99275.03125,0.014389850199222563,0.0,239.40264892578125,302.9120788574219,-0.6012806892395021,4.979013442993164,40.636253,-87.71896,1159.528499
441.5278930664063,99217.8046875,0.014438792131841184,0.0,190.840576171875,303.24609375,-0.6193070411682129,5.035580635070801,40.636253,-87.71896,1159.528499
440.2745361328125,99240.21875,0.014424727298319341,0.0,117.23873138427734,302.021728515625,-0.5617771148681641,4.44000768661499,40.636253,-87.71896,1159.528499
439.0087585449219,99262.7890625,0.014405721798539162,0.0,34.14711761474609,300.79730224609375,-0.5052591562271118,3.84330677986145,40.636253,-87.71896,1159.528499
420.8809814453125,99285.3828125,0.014382464811205862,0.0,0.0,299.5729675292969,-0.4482705593109131,3.2489418983459477,40.636253,-87.71896,1159.528499
415.3387145996094,99265.0703125,0.013477819040417671,0.0,0.0,298.1046447753906,-0.5217692852020264,3.2632768154144287,40.636253,-87.71896,1159.528499
409.79986572265625,99244.6328125,0.012614567764103413,0.0,0.0,296.6330261230469,-0.5947144627571106,3.2755119800567627,40.636253,-87.71896,1159.528499
405.1087341308594,99224.3359375,0.011801393702626228,0.0,0.0,295.1646728515625,-0.666427493095398,3.2895665168762207,40.636253,-87.71896,1159.528499
404.3162536621094,99198.2578125,0.011766785755753515,0.0,0.0,294.6877746582031,-0.4973706901073456,3.3929946422576904,40.636253,-87.71896,1159.528499
403.513671875,99171.96875,0.011730355210602285,0.0,0.0,294.2107849121094,-0.32447099685668945,3.4957170486450195,40.636253,-87.71896,1159.528499
400.9571533203125,99145.6875,0.011694964952766895,0.0,0.0,293.73388671875,-0.15337128937244415,3.6001968383789062,40.636253,-87.71896,1159.528499
400.2996826171875,99164.5859375,0.011659718118607998,0.0,0.0,293.29071044921875,-0.12432673573493958,3.3602454662323,40.636253,-87.71896,1159.528499
399.6634826660156,99183.5390625,0.011626734398305416,0.0,0.0,292.84844970703125,-0.09538749605417253,3.1216282844543457,40.636253,-87.71896,1159.528499
393.809814453125,99202.21875,0.011591382324695587,0.0,0.0,292.40521240234375,-0.06511863321065903,2.8820972442626958,40.636253,-87.71896,1159.528499
393.7227783203125,99256.4296875,0.011589248664677143,0.0,0.0,292.1750183105469,0.021119453012943268,2.8791930675506587,40.636253,-87.71896,1159.528499
393.6333312988281,99310.7890625,0.011586640030145643,0.0,0.0,291.9438781738281,0.10650850832462312,2.875850915908813,40.636253,-87.71896,1159.528499
399.1703186035156,99365.1015625,0.011582962237298487,0.0,6.526606559753418,291.71368408203125,0.19548937678337094,2.8716096878051762,40.636253,-87.71896,1159.528499
407.44805908203125,99352.4765625,0.012918143533170223,0.0,86.2982177734375,294.5857849121094,0.4519264698028565,3.070279836654663,40.636253,-87.71896,1159.528499
415.8088073730469,99339.9609375,0.014374922029674053,0.0,158.64956665039062,297.4638671875,0.7087733745574951,3.267608642578125,40.636253,-87.71896,1159.528499
448.1119384765625,99327.2734375,0.015948433429002762,0.0,163.4335479736328,300.3359375,0.9662050604820251,3.465301513671875,40.636253,-87.71896,1159.528499
452.1302795410156,99309.7109375,0.01669025607407093,0.0,203.9932403564453,301.6073303222656,1.1836692094802856,3.781731605529785,40.636253,-87.71896,1159.528499
456.1716613769531,99292.1640625,0.01746037788689136,0.0,230.4072570800781,302.8797302246094,1.4007606506347656,4.096459865570068,40.636253,-87.71896,1159.528499
462.19384765625,99274.8359375,0.018258411437273026,0.0,227.85211181640625,304.1511535644531,1.6166762113571167,4.410639762878418,40.636253,-87.71896,1159.528499
462.1059265136719,99248.875,0.01835862547159195,0.0,211.6631622314453,304.10076904296875,1.3605409860610962,4.452094554901123,40.636253,-87.71896,1159.528499
462.0456237792969,99223.0390625,0.01846357434988022,0.0,181.0513458251953,304.0506591796875,1.1039808988571167,4.492659091949463,40.636253,-87.71896,1159.528499
455.5343322753906,99197.390625,0.01856587454676628,0.0,146.9955596923828,304.000244140625,0.8475149273872375,4.532529830932617,40.636253,-87.71896,1159.528499
452.3058471679688,99227.15625,0.018051283434033397,0.0,89.59954071044922,302.7660827636719,0.6519446969032288,3.9755055904388423,40.636253,-87.71896,1159.528499
449.1059265136719,99256.7109375,0.017548350617289543,0.0,24.82415008544922,301.5331726074219,0.4550259113311768,3.4180049896240234,40.636253,-87.71896,1159.528499
428.69873046875,99286.4453125,0.017048530280590057,0.0,0.0,300.2990417480469,0.259904146194458,2.86051607131958,40.636253,-87.71896,1159.528499
426.8249816894531,99240.5078125,0.01641022600233555,0.0,0.0,299.5714416503906,0.03769176080822945,2.8628251552581787,40.636253,-87.71896,1159.528499
424.9476623535156,99194.6484375,0.0157873947173357,0.0,0.0,298.8439636230469,-0.18442459404468536,2.86523699760437,40.636253,-87.71896,1159.528499
402.95001220703125,99148.6875,0.01518084295094013,0.0,0.0,298.1163635253906,-0.40855526924133295,2.87024188041687,40.636253,-87.71896,1159.528499
398.3599853515625,99140.921875,0.01427245419472456,0.0,0.0,296.6437072753906,-0.3845193684101105,3.0048537254333496,40.636253,-87.71896,1159.528499
393.7733459472656,99133.4765625,0.013404243625700474,0.0,0.0,295.16839599609375,-0.3604011535644531,3.142786026000977,40.636253,-87.71896,1159.528499
366.4593505859375,99125.984375,0.01258122455328703,0.0,0.0,293.6957092285156,-0.3376619815826416,3.278425931930542,40.636253,-87.71896,1159.528499
365.4427490234375,99147.1484375,0.01228514313697815,0.0,0.0,293.0408020019531,-0.4269969761371613,3.3001813888549805,40.636253,-87.71896,1159.528499
364.4295349121094,99167.609375,0.011993887834250929,0.0,0.0,292.3855895996094,-0.5149626135826111,3.320479154586792,40.636253,-87.71896,1159.528499
372.0259399414063,99188.6875,0.011706451885402204,0.0,0.0,291.7306823730469,-0.6035131216049194,3.3407278060913086,40.636253,-87.71896,1159.528499
371.6546630859375,99194.53125,0.011539037339389324,0.0,0.0,291.4827880859375,-0.7016940116882324,3.0124545097351074,40.636253,-87.71896,1159.528499
371.2632141113281,99200.3515625,0.011370372958481312,0.0,0.0,291.2349548339844,-0.8012033700942993,2.6868367195129395,40.636253,-87.71896,1159.528499
393.75634765625,99206.265625,0.011204310692846777,0.0,8.212441444396973,290.9871520996094,-0.9012233018875122,2.359960556030273,40.636253,-87.71896,1159.528499
396.8187255859375,99210.09375,0.011797715909779072,0.0,128.95854187011722,293.7018737792969,-0.6725715398788452,2.4508962631225586,40.636253,-87.71896,1159.528499
399.8673706054688,99213.6328125,0.012406064197421074,0.0,238.40374755859372,296.419677734375,-0.444341242313385,2.543424129486084,40.636253,-87.71896,1159.528499
441.3997802734375,99217.1328125,0.013025590218603613,0.0,309.410400390625,299.1343994140625,-0.2169266492128372,2.6352007389068604,40.636253,-87.71896,1159.528499
443.1861572265625,99254.4140625,0.013077866286039352,0.0,386.4939880371094,300.55181884765625,0.4708370566368103,2.3572888374328613,40.636253,-87.71896,1159.528499
444.9868774414063,99291.6484375,0.01312668714672327,0.0,436.8004760742188,301.971923828125,1.1563066244125366,2.0779337882995605,40.636253,-87.71896,1159.528499
456.574951171875,99328.8515625,0.013166175223886968,0.0,455.8569030761719,303.38934326171875,1.84295392036438,1.7982629537582395,40.636253,-87.71896,1159.528499
457.2434387207031,99204.375,0.013208367861807345,0.0,423.1536560058594,303.84619140625,0.7283923625946045,2.1603040695190434,40.636253,-87.71896,1159.528499
457.9151306152344,99079.8046875,0.013250798918306828,0.0,361.4233703613281,304.3041687011719,-0.3859449625015259,2.522974967956543,40.636253,-87.71896,1159.528499
449.8831787109375,98955.1171875,0.013291091658174992,0.0,280.88027954101557,304.760986328125,-1.5010772943496704,2.8860547542572017,40.636253,-87.71896,1159.528499
449.4461669921875,99024.0625,0.013359216041862965,0.0,169.7404022216797,303.7740783691406,-1.1427679061889648,2.6445598602294917,40.636253,-87.71896,1159.528499
448.9828186035156,99093.1015625,0.01342295203357935,0.0,44.37990951538086,302.7859191894531,-0.7809603214263916,2.405677080154419,40.636253,-87.71896,1159.528499
404.8482666015625,99162.2421875,0.013485838659107685,0.0,0.0,301.7989807128906,-0.4241713285446167,2.164763927459717,40.636253,-87.71896,1159.528499
404.251708984375,99104.421875,0.01308748871088028,0.0,0.0,300.5386047363281,-0.14783652126789093,2.516934633255005,40.636253,-87.71896,1159.528499
403.6370849609375,99046.7734375,0.012690695002675056,0.0,0.0,299.2755432128906,0.12772908806800842,2.8669550418853764,40.636253,-87.71896,1159.528499
364.2882995605469,98989.0625,0.012298193760216236,0.0,0.0,298.01519775390625,0.4036099910736084,3.219611406326294,40.636253,-87.71896,1159.528499
363.7032165527344,98969.390625,0.012172696180641651,0.0,0.0,296.8810729980469,0.21050173044204712,3.2460095882415767,40.636253,-87.71896,1159.528499
363.11163330078125,98949.796875,0.01204657182097435,0.0,0.0,295.7455139160156,0.01862149126827717,3.27210021018982,40.636253,-87.71896,1159.528499
356.0213623046875,98929.9375,0.01192003395408392,0.0,0.0,294.61138916015625,-0.1739727407693863,3.297243356704712,40.636253,-87.71896,1159.528499
355.626708984375,98958.96875,0.011798706836998464,0.0,0.0,293.8667907714844,-0.14031915366649628,3.2595131397247314,40.636253,-87.71896,1159.528499
355.22833251953125,98988.046875,0.011676685884594916,0.0,0.0,293.12005615234375,-0.10713429003953934,3.2209415435791016,40.636253,-87.71896,1159.528499
351.1483459472656,99017.2578125,0.011557010002434255,0.0,0.0,292.37548828125,-0.0745331272482872,3.182509422302246,40.636253,-87.71896,1159.528499
349.6664733886719,99005.890625,0.01126533094793558,0.0,0.0,291.6218566894531,-0.06581263989210129,3.1345314979553223,40.636253,-87.71896,1159.528499
348.1777038574219,98994.5078125,0.010978794656693935,0.0,0.0,290.8676452636719,-0.0581437423825264,3.0857574939727783,40.636253,-87.71896,1159.528499
355.1617126464844,98982.8515625,0.010698149912059307,0.0,7.339950084686278,290.114013671875,-0.04878328740596771,3.03589415550232,40.636253,-87.71896,1159.528499
356.7026672363281,98979.1640625,0.011092967353761196,0.0,156.61492919921875,293.0313720703125,0.7192397713661194,3.170005321502685,40.636253,-87.71896,1159.528499
358.25274658203125,98975.46875,0.011496724560856821,2.412294186626696e-08,291.8830261230469,295.9533386230469,1.490020513534546,3.300735712051392,40.636253,-87.71896,1159.528499
397.00286865234375,98971.6875,0.011901289224624634,0.0,434.6745910644531,298.87042236328125,2.258577585220337,3.4327073097229004,40.636253,-87.71896,1159.528499
398.4579772949219,98963.5234375,0.011827188543975352,0.0,543.4344482421875,300.591064453125,3.140718936920166,3.788579225540161,40.636253,-87.71896,1159.528499
399.92822265625,98955.5078125,0.011747363954782486,0.0,614.2388305664062,302.317626953125,4.025040626525879,4.1443395614624015,40.636253,-87.71896,1159.528499
417.568603515625,98947.109375,0.011654046364128591,0.0,597.10888671875,304.03826904296875,4.908960819244385,4.4991488456726065,40.636253,-87.71896,1159.528499
417.4479675292969,98838.140625,0.011696633882820606,0.0,553.877685546875,304.0936584472656,4.978456974029541,3.777836561203003,40.636253,-87.71896,1159.528499
417.3499755859375,98729.2109375,0.011741773225367071,0.0,472.2433776855469,304.1517028808594,5.048924446105957,3.0562427043914795,40.636253,-87.71896,1159.528499
429.9085388183594,98620.5,0.011785099282860756,0.0,269.56610107421875,304.2078552246094,5.120063304901123,2.3316779136657715,40.636253,-87.71896,1159.528499
430.1939392089844,98674.453125,0.011960165575146677,0.0,161.46759033203125,302.77923583984375,5.058161735534668,1.2909114360809326,40.636253,-87.71896,1159.528499
430.4882507324219,98728.28125,0.012137603014707564,4.0245720356324455e-07,39.59210968017578,301.3497619628906,4.994048595428467,0.24722574651241305,40.636253,-87.71896,1159.528499
404.6927185058594,98782.3515625,0.012317233718931677,3.0666546990687493e-06,0.0,299.9211120605469,4.932236194610597,-0.7964398860931396,40.636253,-87.71896,1159.528499
404.4752807617188,98831.5078125,0.012073691934347151,0.0005116570391692221,0.0,298.7374572753906,4.91093111038208,-1.4424225091934204,40.636253,-87.71896,1159.528499
404.24835205078125,98880.796875,0.0118307052180171,0.00035988533636555076,0.0,297.5509338378906,4.8877434730529785,-2.0892467498779297,40.636253,-87.71896,1159.528499
386.47314453125,98930.2578125,0.011590412817895412,0.00046446055057458585,0.0,296.3672790527344,4.863905906677246,-2.734394788742065,40.636253,-87.71896,1159.528499
385.63653564453125,98963.359375,0.010761795565485954,0.0004905258538201451,0.0,294.8028564453125,4.2678489685058585,-3.1033785343170166,40.636253,-87.71896,1159.528499
384.7935485839844,98996.671875,0.009946325793862345,0.0002539127308409661,0.0,293.2377624511719,3.67079758644104,-3.4713556766510014,40.636253,-87.71896,1159.528499
330.2722473144531,99029.890625,0.009143956936895849,1.915413849928882e-05,0.0,291.6734313964844,3.074092388153076,-3.8393764495849614,40.636253,-87.71896,1159.528499
329.4211730957031,99042.4765625,0.008742934092879295,4.386341061035637e-06,0.0,290.20196533203125,2.68284010887146,-3.3077752590179443,40.636253,-87.71896,1159.528499
328.5549011230469,99054.953125,0.0083476472645998,4.084249667357653e-06,0.0,288.7300109863281,2.2909600734710693,-2.7757189273834233,40.636253,-87.71896,1159.528499
287.69122314453125,99067.453125,0.007959993556141853,7.4575764301698655e-06,0.0,287.2587890625,1.8999583721160889,-2.244613647460937,40.636253,-87.71896,1159.528499
286.1850891113281,99077.1875,0.007545724976807833,8.493791938235518e-06,0.0,286.0760192871094,2.0402655601501465,-1.7809642553329468,40.636253,-87.71896,1159.528499
284.6781005859375,99087.0,0.007144333329051733,1.5807796671651886e-07,0.0,284.89337158203125,2.1791815757751465,-1.3194571733474731,40.636253,-87.71896,1159.528499
279.20486450195307,99096.65625,0.00675583491101861,0.0,4.925352573394775,283.7106628417969,2.320425033569336,-0.8571471571922302,40.636253,-87.71896,1159.528499
282.9833679199219,99146.5625,0.007201508618891239,0.0,162.156494140625,286.6549072265625,2.5145981311798096,-0.4102267622947693,40.636253,-87.71896,1159.528499
286.77239990234375,99196.34375,0.007661208510398866,0.0,304.57421875,289.60406494140625,2.7089612483978267,0.0376189649105072,40.636253,-87.71896,1159.528499
325.21697998046875,99246.1796875,0.008128251880407333,0.0,447.2423095703125,292.5466003417969,2.90312123298645,0.4831578731536865,40.636253,-87.71896,1159.528499
329.04229736328125,99175.59375,0.00788385234773159,0.0,559.6503295898439,295.1136474609375,4.0881433486938485,0.2144540399312973,40.636253,-87.71896,1159.528499
332.8699645996094,99104.9140625,0.007577163167297841,0.0,632.6935424804688,297.6839294433594,5.273382663726807,-0.05563422664999962,40.636253,-87.71896,1159.528499
350.1741027832031,99034.3515625,0.007202510256320237,0.0,642.5370483398438,300.2510070800781,6.458285808563232,-0.32564499974250793,40.636253,-87.71896,1159.528499
350.31103515625,98908.25,0.007134312763810158,0.0,595.4268188476562,300.61212158203125,7.05352783203125,-0.4937768578529358,40.636253,-87.71896,1159.528499
350.4630432128906,98782.2578125,0.007067245896905661,0.0,506.88665771484375,300.97637939453125,7.647264003753662,-0.6603281497955322,40.636253,-87.71896,1159.528499
338.4909362792969,98655.9765625,0.006998476106673479,0.0,367.6983947753906,301.3375549316406,8.242042541503906,-0.8268674612045288,40.636253,-87.71896,1159.528499
337.797607421875,98699.8359375,0.00710125919431448,0.0,218.4213714599609,299.37530517578125,7.136542320251465,-1.0091445446014404,40.636253,-87.71896,1159.528499
337.10638427734375,98743.6484375,0.007201275322586299,0.0,50.160545349121094,297.4122314453125,6.029083251953125,-1.1894116401672363,40.636253,-87.71896,1159.528499
306.4556884765625,98787.3203125,0.0072967265732586375,0.0,0.0,295.4499816894531,4.9198036193847665,-1.370235800743103,40.636253,-87.71896,1159.528499
305.7135925292969,98747.3359375,0.007104073185473681,0.0,0.0,293.9522705078125,4.967548370361328,-2.223965883255005,40.636253,-87.71896,1159.528499
304.949951171875,98707.375,0.0069112563505768785,0.0,0.0,292.45208740234375,5.014474391937256,-3.0752851963043213,40.636253,-87.71896,1159.528499
286.6178894042969,98667.1328125,0.006721390876919031,0.0,0.0,290.9543762207031,5.059496879577637,-3.9289956092834473,40.636253,-87.71896,1159.528499
285.32037353515625,98780.03125,0.006519348826259375,0.0,0.0,289.24700927734375,4.729626178741455,-4.121885299682616,40.636253,-87.71896,1159.528499
283.9971008300781,98892.6171875,0.006317870225757361,0.0,0.0,287.5384521484375,4.400879859924316,-4.313063144683838,40.636253,-87.71896,1159.528499
267.3920288085937,99005.25,0.006119907833635807,0.0,0.0,285.8310546875,4.071381092071533,-4.505960464477539,40.636253,-87.71896,1159.528499
266.78256225585943,98950.6171875,0.005880120676010847,0.0,0.0,284.5702209472656,4.0168490409851065,-4.070170402526856,40.636253,-87.71896,1159.528499
266.1806030273437,98895.9375,0.005644404329359531,0.0,0.0,283.3092041015625,3.9620261192321777,-3.634166717529297,40.636253,-87.71896,1159.528499
258.19400024414057,98841.5,0.005411645863205194,0.0,0.0,282.048583984375,3.907966136932373,-3.198073148727417,40.636253,-87.71896,1159.528499
257.70346069335943,98846.0859375,0.005200596060603857,0.0,0.0,281.21932983398443,3.873988389968872,-3.167140483856201,40.636253,-87.71896,1159.528499
257.20773315429693,98850.6640625,0.004992250818759203,0.0,0.0,280.3900146484375,3.841780185699463,-3.1365792751312256,40.636253,-87.71896,1159.528499
298.89727783203125,98855.515625,0.0047874017618596545,0.0,1.734432578086853,279.560791015625,3.8079681396484375,-3.106464385986328,40.636253,-87.71896,1159.528499
300.6961364746094,98820.7109375,0.004748156294226646,0.0,114.97736358642578,280.79742431640625,4.210621356964111,-3.943135261535645,40.636253,-87.71896,1159.528499
302.49560546875,98786.1796875,0.004700417630374432,0.0,217.6931915283203,282.0335388183594,4.6127777099609375,-4.778619766235352,40.636253,-87.71896,1159.528499
344.8714294433594,98751.3203125,0.004643753170967102,0.0,218.14707946777344,283.2701416015625,5.014221668243408,-5.615975856781006,40.636253,-87.71896,1159.528499
351.1120910644531,98818.15625,0.0050413915887475005,0.0,273.24856567382807,284.9565124511719,4.991972923278809,-5.3496971130371085,40.636253,-87.71896,1159.528499
357.4229736328125,98884.828125,0.00546664372086525,0.0,309.0043640136719,286.6437683105469,4.972425937652588,-5.0847506523132315,40.636253,-87.71896,1159.528499
362.998779296875,98951.5078125,0.005919485818594694,0.0,367.8238830566406,288.3301086425781,4.950867652893066,-4.818123817443848,40.636253,-87.71896,1159.528499
365.4190979003906,98876.1875,0.006131381262093782,0.0,340.5426940917969,289.3033752441406,5.0092363357543945,-4.56098747253418,40.636253,-87.71896,1159.528499
367.85247802734375,98800.7421875,0.006349704694002868,0.0,289.448486328125,290.2775573730469,5.066580295562744,-4.303471088409424,40.636253,-87.71896,1159.528499
367.7118835449219,98725.421875,0.006573748309165239,0.0,264.18191528320307,291.2515869140625,5.124403476715088,-4.045312404632568,40.636253,-87.71896,1159.528499
362.2602844238281,98757.40625,0.006320149172097445,0.0,155.52330017089844,289.8992614746094,5.230643272399902,-3.920897722244263,40.636253,-87.71896,1159.528499
356.8565368652344,98789.4609375,0.006066501140594482,0.0,33.097190856933594,288.54681396484375,5.335658073425293,-3.7944629192352295,40.636253,-87.71896,1159.528499
355.5902099609375,98821.3828125,0.005813769530504942,0.0,0.0,287.1945495605469,5.441419124603272,-3.6687707901000977,40.636253,-87.71896,1159.528499
351.9849853515625,98801.765625,0.005741665605455637,0.0,0.0,286.1838073730469,5.562789440155028,-3.9446790218353267,40.636253,-87.71896,1159.528499
348.39532470703125,98782.2890625,0.005660881288349629,0.0,0.0,285.1707458496094,5.6831297874450675,-4.2200303077697745,40.636253,-87.71896,1159.528499
343.54730224609375,98762.7734375,0.005573509261012077,0.0,0.0,284.1600036621094,5.8057003021240225,-4.495574474334717,40.636253,-87.71896,1159.528499
340.5858154296875,98782.59375,0.005528965033590794,0.0,0.0,283.3401794433594,5.344170570373535,-4.72016716003418,40.636253,-87.71896,1159.528499
337.62103271484375,98802.328125,0.0054762414656579494,0.0,0.0,282.51861572265625,4.884358406066895,-4.942398071289063,40.636253,-87.71896,1159.528499
316.0760192871094,98822.046875,0.005418174900114536,0.0,0.0,281.6987609863281,4.423768997192383,-5.167015552520752,40.636253,-87.71896,1159.528499
315.5976257324219,98843.015625,0.005434851162135601,0.0,0.0,281.37063598632807,4.2953271865844735,-4.728826522827148,40.636253,-87.71896,1159.528499
315.1058654785156,98864.125,0.0054497686214745045,0.0,0.0,281.04074096679693,4.168876647949219,-4.291110038757323,40.636253,-87.71896,1159.528499
312.86810302734375,98885.4921875,0.005464946385473013,0.0,0.0,280.71258544921875,4.04044246673584,-3.853076934814453,40.636253,-87.71896,1159.528499
312.3568115234375,98896.53125,0.005436815321445465,0.0,0.0,280.41146850585943,3.783949613571167,-3.731971263885498,40.636253,-87.71896,1159.528499
311.8499755859375,98907.5546875,0.00540885329246521,0.0,0.0,280.11087036132807,3.5287261009216313,-3.609847068786621,40.636253,-87.71896,1159.528499
315.5852355957031,98918.5390625,0.005380624439567328,0.0,0.4086166322231293,279.80978393554693,3.2714934349060063,-3.4875380992889404,40.636253,-87.71896,1159.528499
315.19171142578125,98870.6015625,0.005402989219874144,0.0,105.31210327148438,280.91082763671875,3.3617427349090576,-4.215970993041991,40.636253,-87.71896,1159.528499
314.7922668457031,98822.75,0.005425083450973035,0.0,201.3074188232422,282.0122985839844,3.4524135589599614,-4.941905498504639,40.636253,-87.71896,1159.528499
336.6529846191406,98774.6328125,0.005448146257549524,0.0,288.2648010253906,283.1134033203125,3.5411078929901123,-5.668983936309815,40.636253,-87.71896,1159.528499
336.4081115722656,98884.7109375,0.005563236773014069,0.0,361.4459838867188,284.2254333496094,2.560396671295166,-5.586160182952881,40.636253,-87.71896,1159.528499
336.1895751953125,98994.5390625,0.005679590627551079,0.0,408.8399963378906,285.3419189453125,1.5789475440979004,-5.502321720123291,40.636253,-87.71896,1159.528499
333.4424133300781,99104.71875,0.0057944017462432384,0.0,498.8424377441406,286.4539489746094,0.5958710312843323,-5.420145034790039,40.636253,-87.71896,1159.528499
333.1839904785156,99028.0859375,0.00573547650128603,0.0,461.5513305664063,286.8904113769531,0.6499624848365784,-5.536747455596924,40.636253,-87.71896,1159.528499
332.93115234375,98951.765625,0.0056772343814373025,0.0,391.64984130859375,287.3295593261719,0.7038822770118713,-5.652842998504639,40.636253,-87.71896,1159.528499
336.7265319824219,98875.3671875,0.00561949098482728,0.0,271.7763061523437,287.7659912109375,0.7587378621101379,-5.768314838409424,40.636253,-87.71896,1159.528499
336.05902099609375,98856.6875,0.005639977287501097,0.0,158.4710693359375,286.7178955078125,0.6563124060630798,-4.959330081939697,40.636253,-87.71896,1159.528499
335.38262939453125,98838.1796875,0.005658573005348444,0.0,30.859603881835934,285.6697082519531,0.5568856596946716,-4.1505279541015625,40.636253,-87.71896,1159.528499
332.8214416503906,98819.5234375,0.00567567627876997,0.0,0.0,284.6215515136719,0.4563723504543304,-3.340626001358032,40.636253,-87.71896,1159.528499
331.2708740234375,98857.453125,0.0055449255742132655,0.0,0.0,283.6239929199219,0.19059355556964874,-3.4403092861175537,40.636253,-87.71896,1159.528499
329.7152404785156,98895.2890625,0.005415371619164944,0.0,0.0,282.6240234375,-0.07328350841999054,-3.538271188735962,40.636253,-87.71896,1159.528499
326.1714782714844,98933.1484375,0.0052879867143929005,0.0,0.0,281.62652587890625,-0.3382265865802765,-3.637343168258667,40.636253,-87.71896,1159.528499
325.5741271972656,98951.8359375,0.005317947827279568,0.0,0.0,281.09793090820307,-0.28873828053474426,-3.277571439743042,40.636253,-87.71896,1159.528499
324.98052978515625,98970.625,0.005347112659364939,0.0,0.0,280.5678100585937,-0.2382175028324127,-2.91778564453125,40.636253,-87.71896,1159.528499
316.8052978515625,98989.4296875,0.005374872125685215,0.0,0.0,280.0394897460937,-0.18873187899589536,-2.55908751487732,40.636253,-87.71896,1159.528499
316.321044921875,98967.5703125,0.005366547964513303,0.0,0.0,279.66445922851557,-0.08739959448575974,-2.074182510375977,40.636253,-87.71896,1159.528499
315.8475341796875,98945.875,0.005358512979000807,0.0,0.0,279.2900390625,0.016730749979615208,-1.5866695642471311,40.636253,-87.71896,1159.528499
317.46209716796875,98924.4921875,0.005348966922610997,0.0,0.0,278.9149780273437,0.118813194334507,-1.099927306175232,40.636253,-87.71896,1159.528499
317.11041259765625,98974.609375,0.005289755295962095,0.0,0.0,278.82015991210943,0.3591774702072144,-1.0294708013534546,40.636253,-87.71896,1159.528499
316.7442626953125,99024.921875,0.00522985914722085,0.0,0.0,278.7236328125,0.5978279709815979,-0.9575977325439452,40.636253,-87.71896,1159.528499
326.81134033203125,99075.3359375,0.0051711308769881725,0.0,0.018831659108400345,278.62887573242193,0.8376525640487671,-0.8854081034660339,40.636253,-87.71896,1159.528499
329.427490234375,99025.5859375,0.005154984537512064,0.0,96.21038818359376,279.81607055664057,0.964304506778717,-1.4933655261993408,40.636253,-87.71896,1159.528499
332.0508117675781,98975.84375,0.005127250216901302,0.0,185.3408050537109,281.0028076171875,1.0911871194839478,-2.102428436279297,40.636253,-87.71896,1159.528499
345.2651062011719,98925.984375,0.005088457372039557,0.0,255.3217010498047,282.1900329589844,1.216722011566162,-2.711380958557129,40.636253,-87.71896,1159.528499
347.4620666503906,98968.7578125,0.005045532248914242,0.0,320.39569091796875,283.1129455566406,1.3425493240356443,-2.281243801116944,40.636253,-87.71896,1159.528499
349.70074462890625,99011.921875,0.004996303468942642,0.0,362.4673767089844,284.0421142578125,1.4663219451904297,-1.851007461547852,40.636253,-87.71896,1159.528499
356.18206787109375,99054.9375,0.0049356454983353615,0.0,324.6764221191406,284.96636962890625,1.5901663303375244,-1.4199590682983398,40.636253,-87.71896,1159.528499
357.3141784667969,98944.3515625,0.00499989651143551,0.0,300.137451171875,285.40252685546875,1.4662538766860962,-1.8745679855346682,40.636253,-87.71896,1159.528499
358.47088623046875,98833.9921875,0.005066304001957178,0.0,254.26739501953125,285.84173583984375,1.3432363271713257,-2.3287158012390137,40.636253,-87.71896,1159.528499
354.6681823730469,98723.515625,0.005131874233484268,0.0,206.1631622314453,286.27789306640625,1.217780351638794,-2.783538579940796,40.636253,-87.71896,1159.528499
351.2413635253906,98812.796875,0.004950759932398796,0.0,119.1212387084961,285.140869140625,1.0482147932052612,-2.4946208000183105,40.636253,-87.71896,1159.528499
347.8319091796875,98902.3203125,0.004773275926709175,0.0,21.118736267089844,284.0032653808594,0.8776295781135559,-2.204483985900879,40.636253,-87.71896,1159.528499
330.47064208984375,98991.625,0.0045996331609785565,0.0,0.0,282.8662414550781,0.7045187950134277,-1.9168554544448853,40.636253,-87.71896,1159.528499
329.9948425292969,98935.1796875,0.004623523913323879,0.0,0.0,282.4044189453125,0.5771980285644531,-1.5918859243392944,40.636253,-87.71896,1159.528499
329.49664306640625,98878.6796875,0.004645588342100382,0.0,0.0,281.9364013671875,0.4503174722194672,-1.2694685459136963,40.636253,-87.71896,1159.528499
323.93450927734375,98822.3828125,0.004669894929975271,0.0,0.0,281.47457885742193,0.32381609082221985,-0.9469466805458068,40.636253,-87.71896,1159.528499
323.28125,98871.2421875,0.004623635206371546,0.0,0.0,281.073974609375,0.07878880947828293,-0.6801424026489258,40.636253,-87.71896,1159.528499
322.6353759765625,98920.3515625,0.0045791715383529654,0.0,0.0,280.67276000976557,-0.17041847109794614,-0.4139659404754639,40.636253,-87.71896,1159.528499
313.3772277832031,98969.203125,0.004535221029073,0.0,0.0,280.27215576171875,-0.41645312309265137,-0.1463792324066162,40.636253,-87.71896,1159.528499
313.0690002441406,99021.5859375,0.004519615788012743,0.0,0.0,280.01443481445307,-0.4674367904663086,0.19516347348690036,40.636253,-87.71896,1159.528499
312.7587585449219,99073.546875,0.004503980278968811,0.0,0.0,279.75564575195307,-0.5190089941024779,0.5374930500984192,40.636253,-87.71896,1159.528499
313.68402099609375,99125.921875,0.004489183891564608,0.0,0.0,279.49795532226557,-0.5694145560264587,0.8811938166618347,40.636253,-87.71896,1159.528499
313.5566711425781,99112.7109375,0.0044870185665786275,0.0,0.0,279.36346435546875,-0.6687336564064026,0.7238173484802246,40.636253,-87.71896,1159.528499
313.42156982421875,99099.375,0.004484469071030617,0.0,0.0,279.23016357421875,-0.7674850821495056,0.5669779777526855,40.636253,-87.71896,1159.528499
322.4327087402344,99086.1015625,0.0044829933904111385,0.0,0.0,279.09609985351557,-0.8655954599380493,0.4077741205692291,40.636253,-87.71896,1159.528499
323.63079833984375,99080.03125,0.004549354314804077,0.0,97.82366943359376,280.7177124023437,-0.7260221242904663,0.7205237150192261,40.636253,-87.71896,1159.528499
324.8517150878906,99073.765625,0.004622799344360828,0.0,190.05029296875,282.34124755859375,-0.5818756222724915,1.0328720808029177,40.636253,-87.71896,1159.528499
349.1193542480469,99067.6015625,0.0047026537358760825,0.0,209.9148101806641,283.9627990722656,-0.4409589469432831,1.3432838916778564,40.636253,-87.71896,1159.528499
349.4481506347656,99102.203125,0.004687679465860128,0.0,263.64279174804693,284.69964599609375,0.4534126520156861,1.7687804698944092,40.636253,-87.71896,1159.528499
349.8212890625,99136.9921875,0.00467677740380168,0.0,298.2727355957031,285.443359375,1.3503774404525757,2.194573879241944,40.636253,-87.71896,1159.528499
360.4745178222656,99171.71875,0.004665009677410126,0.0,209.8477478027344,286.1802062988281,2.2469074726104736,2.6202597618103027,40.636253,-87.71896,1159.528499
359.7743835449219,99101.796875,0.004765292629599571,0.0,193.8994445800781,285.92083740234375,2.2559149265289307,2.3733971118927,40.636253,-87.71896,1159.528499
359.0987854003906,99031.8515625,0.004864891059696674,0.0,163.9462890625,285.663818359375,2.263800859451294,2.1264188289642334,40.636253,-87.71896,1159.528499
357.887451171875,98962.1796875,0.004961867816746235,0.0,104.33186340332031,285.4044189453125,2.2728030681610107,1.8787611722946167,40.636253,-87.71896,1159.528499
359.6050109863281,98915.265625,0.005237201228737831,0.0,59.69264602661133,285.4457092285156,1.517860770225525,2.047312498092652,40.636253,-87.71896,1159.528499
361.3375549316406,98868.6015625,0.005523505620658398,0.0,9.447229385375977,285.4870300292969,0.7602825164794922,2.2181060314178467,40.636253,-87.71896,1159.528499
358.42718505859375,98821.8515625,0.005821289494633675,0.0,0.0,285.5283508300781,0.005871059838682413,2.387335777282715,40.636253,-87.71896,1159.528499
353.65838623046875,98909.6328125,0.005360707640647888,0.0,0.0,284.5288391113281,-0.455016702413559,1.8715587854385376,40.636253,-87.71896,1159.528499
348.9325866699219,98997.4765625,0.004940188489854336,0.0,0.0,283.5249328613281,-0.9174680709838868,1.3553839921951294,40.636253,-87.71896,1159.528499
343.0204772949219,99085.1015625,0.0045584444887936115,0.0,0.0,282.5257568359375,-1.3768560886383057,0.8384438753128052,40.636253,-87.71896,1159.528499
342.548583984375,99066.9140625,0.0045358999632298955,0.0,0.0,282.25579833984375,-1.4999898672103882,1.0603710412979126,40.636253,-87.71896,1159.528499
342.0568542480469,99048.421875,0.004512449260801078,0.0,0.0,281.98358154296875,-1.619882345199585,1.2827398777008057,40.636253,-87.71896,1159.528499
340.50372314453125,99029.921875,0.004490438383072615,0.0,0.0,281.7136535644531,-1.7421586513519287,1.5032150745391846,40.636253,-87.71896,1159.528499
341.08367919921875,99127.2109375,0.004552282392978668,0.0,0.0,281.76971435546875,-1.6336575746536257,1.7199300527572632,40.636253,-87.71896,1159.528499
341.6558837890625,99224.3125,0.004614316392689943,0.0,0.0,281.825439453125,-1.5267833471298218,1.93908965587616,40.636253,-87.71896,1159.528499
343.09869384765625,99321.53125,0.004677934572100639,0.0,0.0,281.8814697265625,-1.4195271730422974,2.1571304798126216,40.636253,-87.71896,1159.528499
344.13165283203125,99318.4921875,0.004777424968779087,0.0,0.0,282.0664367675781,-1.3698996305465698,1.99487829208374,40.636253,-87.71896,1159.528499
345.1553649902344,99315.2109375,0.004878047853708267,0.0,0.0,282.250732421875,-1.321927189826965,1.8331427574157717,40.636253,-87.71896,1159.528499
349.851806640625,99311.9296875,0.004980828147381544,0.0,0.0,282.4361877441406,-1.2715126276016235,1.6704587936401367,40.636253,-87.71896,1159.528499
350.9374084472656,99298.9921875,0.005043968092650175,0.0,64.26303100585939,283.9274597167969,-1.879833936691284,1.8650755882263184,40.636253,-87.71896,1159.528499
352.020263671875,99285.7265625,0.0051064910367131225,0.0,126.1341552734375,285.41888427734375,-2.488124132156372,2.0591199398040767,40.636253,-87.71896,1159.528499
363.4472351074219,99272.4296875,0.005167962051928043,0.0,156.8695068359375,286.91015625,-3.0967392921447754,2.2535386085510254,40.636253,-87.71896,1159.528499
364.3566284179688,99266.515625,0.005273039452731609,0.0,197.3306884765625,288.1662902832031,-2.7499196529388428,2.9363362789154053,40.636253,-87.71896,1159.528499
365.27386474609375,99260.65625,0.005379855167120695,0.0,223.4094390869141,289.42669677734375,-2.402125358581543,3.6200547218322754,40.636253,-87.71896,1159.528499
337.87286376953125,99254.7890625,0.005486048758029939,0.0,566.0100708007812,290.6828308105469,-2.0543131828308105,4.301502227783203,40.636253,-87.71896,1159.528499
338.8294677734375,99182.25,0.005623994395136833,0.0,522.3507080078125,291.97149658203125,-2.5430924892425537,4.459607124328613,40.636253,-87.71896,1159.528499
339.77197265625,99109.7734375,0.005763010587543249,0.0,441.080078125,293.2596130371094,-3.0305593013763428,4.618189811706543,40.636253,-87.71896,1159.528499
331.0867004394531,99037.28125,0.005905155558139086,0.0,350.79766845703125,294.54827880859375,-3.519574880599976,4.7761802673339835,40.636253,-87.71896,1159.528499
331.46661376953125,99065.1171875,0.006039762869477272,0.0,198.71522521972656,293.05889892578125,-3.2195720672607417,4.060750484466554,40.636253,-87.71896,1159.528499
331.85528564453125,99093.140625,0.006176327355206014,0.0,27.58698272705078,291.56829833984375,-2.9210848808288574,3.3481595516204834,40.636253,-87.71896,1159.528499
309.16094970703125,99121.2734375,0.006315196398645639,0.0,0.0,290.0789489746094,-2.622044086456299,2.6351122856140137,40.636253,-87.71896,1159.528499
309.6576232910156,99090.8359375,0.006382565479725599,0.0,0.0,289.0809020996094,-2.5288546085357666,2.7304317951202397,40.636253,-87.71896,1159.528499
310.1449279785156,99060.4375,0.006450516171753407,0.0,0.0,288.07794189453125,-2.43497371673584,2.825514078140259,40.636253,-87.71896,1159.528499
301.3476257324219,99030.140625,0.006522221025079489,0.0,0.0,287.07989501953125,-2.340770959854126,2.921769380569458,40.636253,-87.71896,1159.528499
301.67242431640625,99049.7578125,0.006540382280945778,0.0,0.0,286.441162109375,-2.3121602535247803,3.0348308086395264,40.636253,-87.71896,1159.528499
301.9884338378906,99069.421875,0.0065580857917666435,0.0,0.0,285.8017272949219,-2.284316301345825,3.1488592624664307,40.636253,-87.71896,1159.528499
295.4285583496094,99089.0234375,0.00657713133841753,0.0,0.0,285.1629638671875,-2.2563915252685547,3.2629730701446533,40.636253,-87.71896,1159.528499
295.8904724121094,99081.2109375,0.006564722862094641,0.0,0.0,284.666015625,-2.0514075756073002,3.212602376937866,40.636253,-87.71896,1159.528499
296.35205078125,99073.3203125,0.006552263628691435,0.0,0.0,284.1684265136719,-1.8464356660842896,3.1634480953216557,40.636253,-87.71896,1159.528499
292.68603515625,99065.4765625,0.0065394104458391675,0.0,0.0,283.6715087890625,-1.6408898830413818,3.114966869354248,40.636253,-87.71896,1159.528499
293.4997863769531,99057.6484375,0.006550816353410482,0.0,0.0,283.37298583984375,-1.801721692085266,3.094892263412476,40.636253,-87.71896,1159.528499
294.320556640625,99050.046875,0.0065624606795609,0.0,0.0,283.073974609375,-1.9617292881011963,3.0752501487731934,40.636253,-87.71896,1159.528499
299.6464538574219,99042.4375,0.006573986262083054,0.0,0.0,282.77545166015625,-2.1244943141937256,3.0539486408233643,40.636253,-87.71896,1159.528499
298.9065856933594,98980.3359375,0.006600690074265003,0.0,140.85769653320312,285.20751953125,-1.65247905254364,3.5123908519744877,40.636253,-87.71896,1159.528499
298.20416259765625,98917.9765625,0.00663215946406126,0.0,279.06112670898443,287.64141845703125,-1.1811628341674805,3.970705509185791,40.636253,-87.71896,1159.528499
333.9754333496094,98855.5625,0.006663993466645479,0.0,406.5867919921875,290.0735168457031,-0.708907425403595,4.428990364074707,40.636253,-87.71896,1159.528499
333.1114807128906,98837.453125,0.006421288941055536,0.0,511.8006591796875,292.14862060546875,-0.25920116901397705,5.272462368011475,40.636253,-87.71896,1159.528499
332.280029296875,98819.4921875,0.0061875986866652966,0.0,579.4729614257812,294.2277526855469,0.1897144615650177,6.115715503692628,40.636253,-87.71896,1159.528499
350.16754150390625,98801.5859375,0.005959831643849611,0.0,567.7870483398438,296.30291748046875,0.6388264894485474,6.959595680236816,40.636253,-87.71896,1159.528499
350.0917663574219,98747.0625,0.0059466008096933365,0.0,523.6453247070311,296.72601318359375,0.6595127582550049,6.866211414337157,40.636253,-87.71896,1159.528499
350.007568359375,98692.515625,0.005933116190135479,0.0,441.38482666015625,297.150390625,0.6791883111000061,6.773928642272949,40.636253,-87.71896,1159.528499
354.5259094238281,98638.0390625,0.005920133553445339,0.0,310.77532958984375,297.57354736328125,0.6986403465270996,6.6821956634521475,40.636253,-87.71896,1159.528499
355.03167724609375,98637.703125,0.00612495606765151,0.0,174.2398223876953,296.2648010253906,0.8355076313018799,6.410194396972656,40.636253,-87.71896,1159.528499
355.5431823730469,98637.3203125,0.006332970224320889,0.0,20.65925407409668,294.95501708984375,0.9739772081375122,6.138151168823242,40.636253,-87.71896,1159.528499
372.5308227539063,98636.984375,0.006544316653162241,0.0,0.0,293.6462707519531,1.110816240310669,5.8661561012268075,40.636253,-87.71896,1159.528499
371.695556640625,98645.4765625,0.007192210294306278,3.809122426901013e-05,0.0,291.5356140136719,0.959752082824707,4.808836936950684,40.636253,-87.71896,1159.528499
370.8233642578125,98653.90625,0.007819805294275284,0.00014633373939432204,0.0,289.4219970703125,0.8097712397575378,3.751176595687866,40.636253,-87.71896,1159.528499
375.31787109375,98662.203125,0.008432390168309212,7.835382712073624e-05,0.0,287.31134033203125,0.6597944498062134,2.69417667388916,40.636253,-87.71896,1159.528499
375.753662109375,98689.7421875,0.008672039955854416,5.806923581985757e-07,0.0,287.2746276855469,-0.33071768283843994,2.8420064449310303,40.636253,-87.71896,1159.528499
376.1890563964844,98716.890625,0.008914421312510967,4.30188401878695e-06,0.0,287.2377014160156,-1.321861982345581,2.9893620014190674,40.636253,-87.71896,1159.528499
369.3426513671875,98744.21875,0.009159944951534271,4.87438082927838e-05,0.0,287.20147705078125,-2.3137953281402592,3.13653302192688,40.636253,-87.71896,1159.528499
370.1389465332031,98726.3984375,0.008943803608417511,6.474418478319421e-05,0.0,286.724853515625,-1.7690101861953735,3.310072660446167,40.636253,-87.71896,1159.528499
370.9385986328125,98709.03125,0.008721426129341125,4.0064142012852236e-06,0.0,286.2466125488281,-1.225084662437439,3.483536720275879,40.636253,-87.71896,1159.528499
356.37286376953125,98691.203125,0.008492466062307358,9.139645408140495e-05,0.0,285.7699890136719,-0.6791583299636841,3.657362937927246,40.636253,-87.71896,1159.528499
355.9754638671875,98717.09375,0.008500413969159126,1.9579470972530544e-05,0.0,285.710693359375,-0.4989726543426514,3.2039496898651123,40.636253,-87.71896,1159.528499
355.5698547363281,98743.078125,0.008507144637405872,6.230338840396142e-07,0.0,285.6506042480469,-0.32044076919555664,2.74926495552063,40.636253,-87.71896,1159.528499
337.61151123046875,98768.8125,0.00851301196962595,0.0,0.0,285.5912780761719,-0.14125904440879822,2.2959134578704834,40.636253,-87.71896,1159.528499
337.3182373046875,98756.7734375,0.008648224174976349,0.0,127.9068832397461,287.0791015625,0.4109908938407898,2.638202428817749,40.636253,-87.71896,1159.528499
337.03570556640625,98744.640625,0.008783659897744656,0.0,255.95069885253903,288.5664367675781,0.963872730731964,2.98054575920105,40.636253,-87.71896,1159.528499
348.4856872558594,98732.3828125,0.008918787352740766,0.0,387.3289489746094,290.0542297363281,1.5166563987731934,3.323296308517456,40.636253,-87.71896,1159.528499
348.6361999511719,98715.015625,0.00879504531621933,0.0,488.0830383300781,291.503662109375,1.7066683769226074,3.7632040977478023,40.636253,-87.71896,1159.528499
348.81231689453125,98697.703125,0.008673426695168018,0.0,552.7864379882811,292.95697021484375,1.8962752819061282,4.202908992767334,40.636253,-87.71896,1159.528499
358.6188049316406,98680.4453125,0.008547645062208177,0.0,576.7151489257812,294.4063415527344,2.0839395523071294,4.642785549163818,40.636253,-87.71896,1159.528499
358.6722412109375,98661.5,0.008307996205985546,0.0,531.4488525390625,294.9732666015625,2.693522691726685,5.245096206665039,40.636253,-87.71896,1159.528499
358.73101806640625,98642.6875,0.008068016730248928,0.0,447.2195739746094,295.5396728515625,3.3012120723724365,5.8492302894592285,40.636253,-87.71896,1159.528499
365.0847473144531,98623.46875,0.007827600464224815,0.0,281.89739990234375,296.1065979003906,3.908702373504639,6.453859329223633,40.636253,-87.71896,1159.528499
364.6608276367188,98652.4609375,0.007606749888509513,0.0,156.3831787109375,294.8592834472656,3.8890769481658936,5.328514575958252,40.636253,-87.71896,1159.528499
364.2233276367188,98681.09375,0.007386955432593822,0.0,15.251158714294435,293.6098937988281,3.8679680824279785,4.205308437347412,40.636253,-87.71896,1159.528499
369.8503723144531,98710.0390625,0.0071691228076815605,0.0,0.0,292.3625793457031,3.847543001174927,3.0791714191436768,40.636253,-87.71896,1159.528499
369.1449890136719,98733.8984375,0.006955754943192004,0.0,0.0,291.27215576171875,4.1159539222717285,2.6167309284210205,40.636253,-87.71896,1159.528499
368.4215698242188,98758.046875,0.006743653677403928,0.0,0.0,290.17840576171875,4.382059097290038,2.1541614532470703,40.636253,-87.71896,1159.528499
332.8702087402344,98782.28125,0.006535477004945278,0.0,0.0,289.08795166015625,4.649238586425781,1.6914273500442505,40.636253,-87.71896,1159.528499
331.9594421386719,98867.0,0.006353104952722788,0.0,0.0,287.7887268066406,4.0521459579467765,1.4278794527053833,40.636253,-87.71896,1159.528499
331.04595947265625,98951.609375,0.0061736381612718105,0.0,0.0,286.48846435546875,3.456576108932495,1.1662131547927856,40.636253,-87.71896,1159.528499
287.1218566894531,99036.265625,0.005996573716402054,0.0,0.0,285.189208984375,2.860184669494629,0.9043506383895874,40.636253,-87.71896,1159.528499
286.3280944824219,98977.734375,0.005899167153984308,0.0,0.0,284.45501708984375,1.8741502761840818,1.1968486309051514,40.636253,-87.71896,1159.528499
285.53173828125,98918.984375,0.005802375730127096,0.0,0.0,283.7204284667969,0.8876601457595825,1.4911546707153318,40.636253,-87.71896,1159.528499
289.6474304199219,98860.65625,0.005706841591745615,0.0,0.0,282.98626708984375,-0.09639200568199158,1.78464674949646,40.636253,-87.71896,1159.528499
289.2030944824219,98942.203125,0.005680791568011046,0.0,0.0,282.59295654296875,-0.7749338150024414,2.059561252593994,40.636253,-87.71896,1159.528499
288.7564392089844,99024.2421875,0.005654357839375734,0.0,0.0,282.1998291015625,-1.4544227123260498,2.335580587387085,40.636253,-87.71896,1159.528499
300.618896484375,99105.953125,0.0056278049014508716,0.0,0.0,281.8065185546875,-2.134112596511841,2.6099612712860107,40.636253,-87.71896,1159.528499
302.87982177734375,99026.984375,0.006027707830071449,0.0,132.78945922851562,284.51025390625,-2.330641508102417,2.9622423648834233,40.636253,-87.71896,1159.528499
305.13031005859375,98948.2421875,0.006442559417337179,0.0,268.53506469726557,287.2156677246094,-2.528667449951172,3.3180177211761475,40.636253,-87.71896,1159.528499
